productId,productName,sku,category,forecast_3_month,forecast_6_month,forecast_9_month,forecast_3_month_units,forecast_6_month_units,forecast_9_month_units
6abd8e4ca19535d75c1ab843,Wireless Mechanical Keyboard,ELEC-KB-001,Electronics,6.230682231568627,14.443107402387966,24.04046778964215,7,15,25
6abd8e4ca19535d75c1ab844,Noise Cancelling Headphones,ELEC-HP-002,Electronics,9.731621946642779,17.680132564368538,26.115033659435525,10,18,27
6abd8e4ca19535d75c1ab845,USB-C Fast Charger (65W),ELEC-CH-003,Electronics,9.961375687516336,17.87331505762792,27.775649435420185,10,18,28
6abd8e4ca19535d75c1ab846,Portable Bluetooth Speaker,ELEC-SPK-004,Electronics,27.52581319821242,42.84400278200501,51.598399189409044,28,43,52
6abd8e4ca19535d75c1ab847,Fitness Smart Watch,ELEC-SW-005,Electronics,11.756044072293506,19.543343871727004,29.451233805074825,12,20,30
6abd8e4ca19535d75c1ab848,Wireless Gaming Mouse,ELEC-MS-006,Electronics,12.327681339555225,22.950351450360735,31.471505721596614,13,23,32
6abd8e4ca19535d75c1ab849,1080p USB Webcam,ELEC-WC-007,Electronics,6.63238584292246,15.786667883426157,24.68660896776828,7,16,25
6abd8e4ca19535d75c1ab84a,Bluetooth Neckband,ELEC-NB-008,Electronics,6.938592672371283,15.356382078620866,23.831862824610926,7,16,24
6abd8e4ca19535d75c1ab84b,Portable SSD 1TB,ELEC-SSD-009,Electronics,7.162644318153797,15.69052235783474,24.1660031038248,8,16,25
6abd8e4ca19535d75c1ab84c,USB-C Hub 7-in-1,ELEC-HUB-010,Electronics,6.079502291163581,15.335118772479795,24.45721444688286,7,16,25
6abd8e4ca19535d75c1ab84d,Laptop Stand,ELEC-LS-011,Electronics,13.412712767315158,21.368337946685397,31.27067232447766,14,22,32
6abd8e4ca19535d75c1ab84e,Smart LED Desk Lamp,ELEC-LAMP-012,Electronics,7.345139402772748,15.41166129713996,25.25394011937667,8,16,26
6abd8e4ca19535d75c1ab84f,Power Bank 20000mAh,ELEC-PB-013,Electronics,9.860487297137144,19.0189439656604,27.948256033228564,10,20,28
6abd8e4ca19535d75c1ab850,Wireless Charging Pad,ELEC-WC-014,Electronics,5.602656472474613,13.511781633346217,23.35406045558293,6,14,24
6abd8e4ca19535d75c1ab851,Smart Plug,ELEC-SP-015,Electronics,8.672179857396165,16.605628599600657,26.50796297739292,9,17,27
6abd8e4ca19535d75c1ab852,Men's Cotton Casual Shirt,APP-SH-001,Apparel,8.186867855926593,16.554908510476206,25.030389256466268,9,17,26
6abd8e4ca19535d75c1ab853,Women's Running Shoes,APP-SH-002,Apparel,15.307272071120577,24.296643764157807,32.660996559798754,16,25,33
6abd8e4ca19535d75c1ab854,Denim Jacket,APP-JK-003,Apparel,7.345139402772748,16.664193406337073,25.593505473905232,8,17,26
6abd8e4ca19535d75c1ab855,Cotton Hoodie,APP-HD-004,Apparel,7.906027263580276,16.387580725191214,24.863061471181272,8,17,25
6abd8e4ca19535d75c1ab856,Ankle Socks (3-Pack),APP-SK-005,Apparel,5.35202127428882,14.716416440321861,23.616357524663986,6,15,24
6abd8e4ca19535d75c1ab857,Men's Slim Fit Jeans,APP-JN-006,Apparel,13.199155520647393,21.728423958261033,30.203904704251094,14,22,31
6abd8e4ca19535d75c1ab858,Women's Oversized T-Shirt,APP-TS-007,Apparel,6.701749324663068,14.828175433134232,24.730509810926495,7,15,25
6abd8e4ca19535d75c1ab859,Men's Polo T-Shirt,APP-PO-008,Apparel,5.982157400240387,15.136439440744084,24.036380525086205,6,16,25
6abd8e4ca19535d75c1ab85a,Women's Denim Jeans,APP-WJ-009,Apparel,8.970376053073297,18.143328575944953,27.07569619906867,9,19,28
6abd8e4ca19535d75c1ab85b,Unisex Track Pants,APP-TP-010,Apparel,6.092551194058072,15.348167675374286,24.47026334977735,7,16,25
6abd8e4ca19535d75c1ab85c,Women's Winter Jacket,APP-WJ-011,Apparel,8.668310700755443,17.826767369278702,26.75607943684686,9,18,27
6abd8e4ca19535d75c1ab85d,Men's Formal Trousers,APP-FT-012,Apparel,7.162644318153797,15.69052235783474,24.1660031038248,8,16,25
6abd8e4ca19535d75c1ab85e,Cotton Baseball Cap,APP-CP-013,Apparel,6.630302509589127,15.784584550092823,24.684525634434944,7,16,25
6abd8e4ca19535d75c1ab85f,Women's Casual Kurta,APP-KR-014,Apparel,8.639568714623122,17.812521237494774,26.74488886061849,9,18,27
6abd8e4ca19535d75c1ab860,Athletic Training Shorts,APP-SH-015,Apparel,8.669174239389111,16.602622981593605,26.50495735938587,9,17,27
6abd8e4ca19535d75c1ab861,Non-Stick Cookware Set (5-Piece),HOME-CK-001,Home & Kitchen,9.860487297137144,19.0189439656604,27.948256033228564,10,20,28
6abd8e4ca19535d75c1ab862,Electric Kettle (1.5L),HOME-KT-002,Home & Kitchen,7.534817055012874,16.571407910638978,25.471348994981103,8,17,26
6abd8e4ca19535d75c1ab863,Memory Foam Pillow,HOME-PL-003,Home & Kitchen,12.750866293149649,21.74789758255186,30.68026520567558,13,22,31
6abd8e4ca19535d75c1ab864,Handheld Stick Blender,HOME-BL-004,Home & Kitchen,7.34195624797018,15.536331703100016,24.01181244909008,8,16,25
6abd8e4ca19535d75c1ab865,Dinner Set (16-Piece),HOME-DN-005,Home & Kitchen,11.852977903585005,21.06596706225559,29.998334685379305,12,22,30
6abd8e4ca19535d75c1ab866,Air Fryer 4L,HOME-AF-006,Home & Kitchen,14.755571374803214,22.621032200768273,32.463311023004984,15,23,33
6abd8e4ca19535d75c1ab867,Glass Food Storage Set,HOME-FS-007,Home & Kitchen,6.230682231568627,14.443107402387966,24.04046778964215,7,15,25
6abd8e4ca19535d75c1ab868,Stainless Steel Lunch Box,HOME-LB-008,Home & Kitchen,6.146849530560312,15.301131571064008,24.20107265540613,7,16,25
6abd8e4ca19535d75c1ab869,Electric Rice Cooker,HOME-RC-009,Home & Kitchen,35.268300340726825,48.84216633538221,57.03874273314764,36,49,58
6abd8e4ca19535d75c1ab86a,Cotton Bedsheet Set,HOME-BS-010,Home & Kitchen,5.727927180786182,13.767767114314207,23.610045936550918,6,14,24
6abd8e4ca19535d75c1ab86b,LED Ceiling Light,HOME-LT-011,Home & Kitchen,5.982157400240387,15.136439440744084,24.036380525086205,6,16,25
6abd8e4ca19535d75c1ab86c,Vacuum Storage Bags,HOME-VB-012,Home & Kitchen,8.179339618247834,16.547380272797447,25.02286101878751,9,17,26
6abd8e4ca19535d75c1ab86d,Ceramic Coffee Mug Set,HOME-MG-013,Home & Kitchen,6.63238584292246,15.786667883426157,24.68660896776828,7,16,25
6abd8e4ca19535d75c1ab86e,Kitchen Knife Set,HOME-KN-014,Home & Kitchen,6.938592672371283,15.356382078620866,23.831862824610926,7,16,24
6abd8e4ca19535d75c1ab86f,Foldable Laundry Basket,HOME-LB-015,Home & Kitchen,7.162644318153797,15.69052235783474,24.1660031038248,8,16,25
6abd8e4ca19535d75c1ab870,Yoga Mat (6mm),SPRT-YM-001,Sports & Fitness,5.37335209003418,14.737747256067221,23.637688340409344,6,15,24
6abd8e4ca19535d75c1ab871,Adjustable Dumbbell Set (10kg),SPRT-DB-002,Sports & Fitness,13.04988121931908,20.8450065125735,30.659785334810213,14,21,31
6abd8e4ca19535d75c1ab872,Insulated Water Bottle (1L),SPRT-WB-003,Sports & Fitness,11.720219698220841,19.76971737005479,28.385890973422125,12,20,29
6abd8e4ca19535d75c1ab873,Resistance Bands Set,SPRT-RB-004,Sports & Fitness,7.116638689602093,16.242543195163126,25.171855262731285,8,17,26
6abd8e4ca19535d75c1ab874,Football (Size 5),SPRT-FB-005,Sports & Fitness,28.028544645002697,42.61654242985349,52.34749792649528,29,43,53
6abd8e4ca19535d75c1ab875,Cricket Bat,SPRT-CB-006,Sports & Fitness,11.824512484020941,19.61181228345444,29.519702216802262,12,20,30
6abd8e4ca19535d75c1ab876,Cricket Ball Pack,SPRT-CB-007,Sports & Fitness,8.182551972389845,16.55059262693946,25.026073372929517,9,17,26
6abd8e4ca19535d75c1ab877,Skipping Rope,SPRT-SR-008,Sports & Fitness,5.982157400240387,15.136439440744084,24.036380525086205,6,16,25
6abd8e4ca19535d75c1ab878,Gym Gloves,SPRT-GG-009,Sports & Fitness,8.417440095366258,16.78548074991587,25.26096149590593,9,17,26
6abd8e4ca19535d75c1ab879,Foam Roller,SPRT-FR-010,Sports & Fitness,6.213534952921349,14.425960123740687,24.02332051099487,7,15,25
6abd8e4ca19535d75c1ab87a,Running Cap,SPRT-RC-011,Sports & Fitness,7.41027107557943,15.47679296994664,25.31907179218335,8,16,26
6abd8e4ca19535d75c1ab87b,Table Tennis Paddle Set,SPRT-TT-012,Sports & Fitness,6.424517740325791,15.222661417607027,23.698142163597087,7,16,24
6abd8e4ca19535d75c1ab87c,Football Goal Net,SPRT-GN-013,Sports & Fitness,6.42464662356291,14.64317836193713,24.545512739729393,7,15,25
6abd8e4ca19535d75c1ab87d,Fitness Resistance Tube,SPRT-RT-014,Sports & Fitness,6.146849530560312,15.301131571064008,24.20107265540613,7,16,25
6abd8e4ca19535d75c1ab87e,Sports Duffel Bag,SPRT-DB-015,Sports & Fitness,6.915151648249602,16.267274801865838,25.167215886207963,7,17,26
6abd8e4ca19535d75c1ab87f,The Silent Orchard,BOOK-FIC-001,Books,11.030977176443372,19.296360823491135,27.736817474113675,12,20,28
6abd8e4ca19535d75c1ab880,Everyday Indian Cooking,BOOK-CK-002,Books,12.052395899701171,20.71720515103253,30.542646746369186,13,21,31
6abd8e4ca19535d75c1ab881,Atomic Focus,BOOK-SH-003,Books,7.5123414226284915,16.088129019330893,24.56360976532095,8,17,25
6abd8e4ca19535d75c1ab882,The Startup Playbook,BOOK-BIZ-004,Books,7.707644506129314,15.870155270685132,25.772489648477396,8,16,26
6abd8e4ca19535d75c1ab883,Python for Beginners,BOOK-TECH-005,Books,11.425429277164971,20.5538063062157,29.48867392933942,12,21,30
6abd8e4ca19535d75c1ab884,Data Science Fundamentals,BOOK-DS-006,Books,12.720289717705448,21.87990890724377,30.812276530367487,13,22,31
6abd8e4ca19535d75c1ab885,Modern Web Development,BOOK-WEB-007,Books,7.757483623021133,16.883388128582165,25.812700196150328,8,17,26
6abd8e4ca19535d75c1ab886,The Psychology of Money,BOOK-FIN-008,Books,5.602656472474613,13.511781633346217,23.35406045558293,6,14,24
6abd8e4ca19535d75c1ab887,Introduction to Algorithms,BOOK-ALG-009,Books,8.672179857396165,16.605628599600657,26.50796297739292,9,17,27
6abd8e4ca19535d75c1ab888,Clean Code Principles,BOOK-CC-010,Books,7.237120392533493,15.43149584766333,23.90697659365339,8,16,24
6abd8e4ca19535d75c1ab889,Machine Learning Simplified,BOOK-ML-011,Books,6.460688398861042,15.452511540525178,24.3524526248673,7,16,25
6abd8e4ca19535d75c1ab88a,The Art of Productivity,BOOK-PD-012,Books,8.671257572722444,17.829714241245703,26.759026308813866,9,18,27
6abd8e4ca19535d75c1ab88b,Gentle Foaming Face Wash,BEAU-FW-001,Beauty & Personal Care,6.230682231568627,14.443107402387966,24.04046778964215,7,15,25
6abd8e4ca19535d75c1ab88c,Argan Oil Shampoo,BEAU-SH-002,Beauty & Personal Care,6.146849530560312,15.301131571064008,24.20107265540613,7,16,25
6abd8e4ca19535d75c1ab88d,Signature Eau de Parfum,BEAU-PF-003,Beauty & Personal Care,13.14147628784316,21.687324090536165,30.162804836526227,14,22,31
6abd8e4ca19535d75c1ab88e,Vitamin C Serum,BEAU-SR-004,Beauty & Personal Care,7.817372601494433,16.094228140903137,24.569708886893196,8,17,25
6abd8e4ca19535d75c1ab88f,Moisturizing Face Cream,BEAU-MC-005,Beauty & Personal Care,7.495407847358113,15.561929741725324,25.404208563962033,8,16,26
6abd8e4ca19535d75c1ab890,Sunscreen SPF 50,BEAU-SC-006,Beauty & Personal Care,13.5135345655093,22.51542347185253,31.447791094976246,14,23,32
6abd8e4ca19535d75c1ab891,Beard Grooming Oil,BEAU-BO-007,Beauty & Personal Care,6.63238584292246,15.786667883426157,24.68660896776828,7,16,25
6abd8e4ca19535d75c1ab892,Body Wash 500ml,BEAU-BW-008,Beauty & Personal Care,6.716013921455236,15.51415759873647,23.989638344726533,7,16,24
6abd8e4ca19535d75c1ab893,Hair Styling Wax,BEAU-HW-009,Beauty & Personal Care,10.109881396338045,19.51108740890738,28.633183083310442,11,20,29
6abd8e4ca19535d75c1ab894,Lip Balm Pack,BEAU-LB-010,Beauty & Personal Care,11.039352685524264,19.304736332572027,27.745192983194567,12,20,28
6abd8e4ca19535d75c1ab895,Clay Face Mask,BEAU-FM-011,Beauty & Personal Care,8.223957851523513,16.59199850607313,25.067479252063187,9,17,26
6abd8e4ca19535d75c1ab896,Aloe Vera Gel,BEAU-AG-012,Beauty & Personal Care,7.345139402772748,15.41166129713996,25.25394011937667,8,16,26
6abd8e4ca19535d75c1ab897,Arabica Coffee Beans (500g),GROC-CF-001,Groceries,12.967958808073885,20.68222373831452,29.171093070298227,13,21,30
6abd8e4ca19535d75c1ab898,Cold-Pressed Olive Oil (1L),GROC-OL-002,Groceries,6.187285072477835,14.09418801112722,23.93646683336393,7,15,24
6abd8e4ca19535d75c1ab899,Multigrain Breakfast Cereal,GROC-CR-003,Groceries,12.516803369565498,21.683756910945892,30.616124534069613,13,22,31
6abd8e4ca19535d75c1ab89a,Organic Honey (500g),GROC-HN-004,Groceries,13.461478808929881,21.217077262475325,31.124967195823146,14,22,32
6abd8e4ca19535d75c1ab89b,Basmati Rice (5kg),GROC-RC-005,Groceries,11.030977176443372,19.296360823491135,27.736817474113675,12,20,28
6abd8e4ca19535d75c1ab89c,Whole Wheat Flour (5kg),GROC-WF-006,Groceries,8.671257572722444,17.829714241245703,26.759026308813866,9,18,27
6abd8e4ca19535d75c1ab89d,Green Tea Bags,GROC-GT-007,Groceries,6.304251558612732,14.919487212531031,23.4050232111814,7,15,24
6abd8e4ca19535d75c1ab89e,Peanut Butter (1kg),GROC-PB-008,Groceries,7.495407847358113,15.561929741725324,25.404208563962033,8,16,26
6abd8e4ca19535d75c1ab89f,Dark Chocolate Bar,GROC-DC-009,Groceries,6.986735154814302,15.784878832095538,24.2603595780856,7,16,25
6abd8e4ca19535d75c1ab8a0,Mixed Dry Fruits (500g),GROC-DF-010,Groceries,6.42464662356291,14.64317836193713,24.545512739729393,7,15,25
6abd8e4ca19535d75c1ab8a1,Oats (1kg),GROC-OT-011,Groceries,6.146849530560312,15.301131571064008,24.20107265540613,7,16,25
6abd8e4ca19535d75c1ab8a2,Pasta (500g),GROC-PA-012,Groceries,13.728538083666441,21.572638630149754,31.47497300794202,14,22,32
6abd8e4ca19535d75c1ab8a3,Wooden Building Blocks Set,TOY-BLK-001,Toys & Games,6.092551194058072,15.348167675374286,24.47026334977735,7,16,25
6abd8e4ca19535d75c1ab8a4,Strategy Board Game,TOY-BG-002,Toys & Games,11.394035204132496,19.28760213310387,29.189936510896132,12,20,30
6abd8e4ca19535d75c1ab8a5,Remote Control Car,TOY-RC-003,Toys & Games,9.655154362516559,18.947350347351037,27.87636851130159,10,19,28
6abd8e4ca19535d75c1ab8a6,Wooden Puzzle Cube Set,TOY-PZ-004,Toys & Games,6.630302509589127,15.784584550092823,24.684525634434944,7,16,25
6abd8e4ca19535d75c1ab8a7,Classic Chess Set,TOY-CH-005,Toys & Games,11.619236558455407,20.569771719116062,29.50463934223978,12,21,30
6abd8e4ca19535d75c1ab8a8,Magnetic Building Tiles,TOY-MT-006,Toys & Games,12.848296572887145,21.105427001981536,29.580907747971597,13,22,30
6abd8e4ca19535d75c1ab8a9,Plush Teddy Bear,TOY-TB-007,Toys & Games,7.182131088757556,15.980274766038791,24.45575551202885,8,16,25
6abd8e4ca19535d75c1ab8aa,Kids Art Kit,TOY-AK-008,Toys & Games,5.503618647786851,13.595430393423412,23.43770921566012,6,14,24
6abd8e4ca19535d75c1ab8ab,Mini Building Blocks,TOY-MB-009,Toys & Games,7.347222736106082,15.413744630473293,25.256023452710004,8,16,26
6abd8e4ca19535d75c1ab8ac,Educational Flash Cards,TOY-FC-010,Toys & Games,8.182551972389845,16.55059262693946,25.026073372929517,9,17,26
6abd8e4ca19535d75c1ab8ad,Remote Control Helicopter,TOY-RH-011,Toys & Games,5.35202127428882,14.716416440321861,23.616357524663986,6,15,24
6abd8e4ca19535d75c1ab8ae,Kids Bowling Set,TOY-BW-012,Toys & Games,7.345139402772748,16.664193406337073,25.593505473905232,8,17,26
